scenario_idx,success,cycles_used,status,plan_failures,method,triggers,trigger_steps,rrt_steps_executed,lookback_frames,rrt_diag
0,1,0,success,0,rrt,future_chunk_coll,5,122,0,"[{""n_ik"":2,""ik_dropped"":0,""ik_rank"":1,""ik_tried"":1,""ik_score"":4.0723,""path_score"":0.778,""ee_arc"":0.7549,""chord"":0.5424,""arc_chord"":1.39,""gate"":""pass"",""escape"":false}]"
1,1,0,success,0,rrt,future_chunk_coll,1,184,0,"[{""n_ik"":2,""ik_dropped"":0,""ik_rank"":1,""ik_tried"":1,""ik_score"":3.4089,""path_score"":0.5013,""ee_arc"":0.5013,""chord"":0.3502,""arc_chord"":1.43,""gate"":""pass"",""escape"":false}]"
3,1,1,success,0,rrt,"future_chunk_coll,future_chunk_coll","5,132","114,10","1,0","[{""n_ik"":2,""ik_dropped"":0,""ik_rank"":1,""ik_tried"":1,""ik_score"":4.6742,""path_score"":1.2137,""ee_arc"":1.1192,""chord"":0.9159,""arc_chord"":1.22,""gate"":""pass"",""escape"":false},{""n_ik"":2,""ik_dropped"":0,""ik_rank"":1,""ik_tried"":1,""ik_score"":0.6239,""path_score"":0.0509,""ee_arc"":0.0293,""chord"":0.0283,""arc_chord"":1.03,""gate"":""pass"",""escape"":false}]"
4,1,0,success,0,rrt,future_chunk_coll,10,66,0,"[{""n_ik"":3,""ik_dropped"":0,""ik_rank"":1,""ik_tried"":1,""ik_score"":2.3798,""path_score"":0.5827,""ee_arc"":0.5314,""chord"":0.4942,""arc_chord"":1.08,""gate"":""pass"",""escape"":false}]"
6,1,1,success,0,rrt,"future_chunk_coll,future_chunk_coll","12,186","169,14","0,3","[{""n_ik"":1,""ik_dropped"":0,""ik_rank"":1,""ik_tried"":1,""ik_score"":4.3695,""path_score"":0.363,""ee_arc"":0.276,""chord"":0.2684,""arc_chord"":1.03,""gate"":""pass"",""escape"":false},{""n_ik"":1,""ik_dropped"":0,""ik_rank"":1,""ik_tried"":1,""ik_score"":0.1178,""path_score"":0.1378,""ee_arc"":0.0134,""chord"":0.0134,""arc_chord"":1.0,""gate"":""pass"",""escape"":false}]"
7,1,0,success,0,rrt,future_chunk_coll,57,69,2,"[{""n_ik"":1,""ik_dropped"":0,""ik_rank"":1,""ik_tried"":1,""ik_score"":2.7992,""path_score"":0.4044,""ee_arc"":0.3369,""chord"":0.3118,""arc_chord"":1.08,""gate"":""pass"",""escape"":false}]"
9,1,1,success,0,rrt,"future_chunk_coll,future_chunk_coll","1,172","146,51","0,1","[{""n_ik"":3,""ik_dropped"":0,""ik_rank"":1,""ik_tried"":1,""ik_score"":4.8258,""path_score"":1.3321,""ee_arc"":1.3321,""chord"":0.8085,""arc_chord"":1.65,""gate"":""pass"",""escape"":false},{""n_ik"":3,""ik_dropped"":0,""ik_rank"":1,""ik_tried"":1,""ik_score"":0.8576,""path_score"":0.3339,""ee_arc"":0.206,""chord"":0.2052,""arc_chord"":1.0,""gate"":""pass"",""escape"":false}]"
11,1,0,success,0,rrt,future_chunk_coll,21,115,0,"[{""n_ik"":1,""ik_dropped"":0,""ik_rank"":1,""ik_tried"":1,""ik_score"":3.0965,""path_score"":0.4531,""ee_arc"":0.3474,""chord"":0.3458,""arc_chord"":1.0,""gate"":""pass"",""escape"":false}]"
12,1,1,success,0,rrt,"future_chunk_coll,future_chunk_coll","5,108","82,14","0,0","[{""n_ik"":1,""ik_dropped"":0,""ik_rank"":1,""ik_tried"":1,""ik_score"":6.3227,""path_score"":0.7667,""ee_arc"":0.6248,""chord"":0.6015,""arc_chord"":1.04,""gate"":""pass"",""escape"":false},{""n_ik"":2,""ik_dropped"":0,""ik_rank"":1,""ik_tried"":1,""ik_score"":0.968,""path_score"":0.5434,""ee_arc"":0.5084,""chord"":0.5017,""arc_chord"":1.01,""gate"":""pass"",""escape"":false}]"
19,1,1,success,0,rrt,"future_chunk_coll,future_chunk_coll","9,105","73,83","2,0","[{""n_ik"":1,""ik_dropped"":0,""ik_rank"":1,""ik_tried"":1,""ik_score"":5.1916,""path_score"":0.4492,""ee_arc"":0.3502,""chord"":0.3439,""arc_chord"":1.02,""gate"":""pass"",""escape"":false},{""n_ik"":1,""ik_dropped"":0,""ik_rank"":1,""ik_tried"":1,""ik_score"":2.4486,""path_score"":0.1614,""ee_arc"":0.1054,""chord"":0.1005,""arc_chord"":1.05,""gate"":""pass"",""escape"":false}]"
20,1,0,success,0,rrt,future_chunk_coll,13,71,0,"[{""n_ik"":3,""ik_dropped"":0,""ik_rank"":1,""ik_tried"":1,""ik_score"":2.3662,""path_score"":0.4765,""ee_arc"":0.3096,""chord"":0.1795,""arc_chord"":1.72,""gate"":""pass"",""escape"":false}]"
22,1,0,success,0,rrt,future_chunk_coll,11,44,0,"[{""n_ik"":2,""ik_dropped"":0,""ik_rank"":1,""ik_tried"":1,""ik_score"":0.8649,""path_score"":0.2767,""ee_arc"":0.1564,""chord"":0.1554,""arc_chord"":1.01,""gate"":""pass"",""escape"":false}]"
39,1,0,success,0,rrt,future_chunk_coll,40,96,6,"[{""n_ik"":2,""ik_dropped"":0,""ik_rank"":1,""ik_tried"":1,""ik_score"":1.8935,""path_score"":0.7089,""ee_arc"":0.576,""chord"":0.5719,""arc_chord"":1.01,""gate"":""pass"",""escape"":false}]"
44,1,2,success,0,rrt,"future_chunk_coll,future_chunk_coll,future_chunk_coll","8,157,264","130,91,68","4,0,2","[{""n_ik"":2,""ik_dropped"":0,""ik_rank"":2,""ik_tried"":2,""ik_score"":5.0272,""path_score"":0.7953,""ee_arc"":0.7179,""chord"":0.2954,""arc_chord"":2.43,""gate"":""reject"",""escape"":false},{""n_ik"":2,""ik_dropped"":0,""ik_rank"":1,""ik_tried"":1,""ik_score"":2.0094,""path_score"":0.4022,""ee_arc"":0.182,""chord"":0.1759,""arc_chord"":1.03,""gate"":""pass"",""escape"":false},{""n_ik"":2,""ik_dropped"":0,""ik_rank"":1,""ik_tried"":1,""ik_score"":0.8603,""path_score"":0.4318,""ee_arc"":0.1874,""chord"":0.1867,""arc_chord"":1.0,""gate"":""pass"",""escape"":false}]"
46,1,0,success,0,rrt,future_chunk_coll,24,73,4,"[{""n_ik"":1,""ik_dropped"":0,""ik_rank"":1,""ik_tried"":1,""ik_score"":3.6348,""path_score"":1.1759,""ee_arc"":1.1458,""chord"":0.9099,""arc_chord"":1.26,""gate"":""pass"",""escape"":false}]"
47,1,0,success,0,rrt,future_chunk_coll,7,139,0,"[{""n_ik"":2,""ik_dropped"":0,""ik_rank"":1,""ik_tried"":1,""ik_score"":4.8013,""path_score"":0.3586,""ee_arc"":0.3519,""chord"":0.2379,""arc_chord"":1.48,""gate"":""pass"",""escape"":false}]"
48,1,2,success,0,rrt,"future_chunk_coll,future_chunk_coll,future_chunk_coll","15,118,134","86,7,20","0,0,4","[{""n_ik"":1,""ik_dropped"":0,""ik_rank"":1,""ik_tried"":1,""ik_score"":5.9865,""path_score"":0.6191,""ee_arc"":0.5355,""chord"":0.5145,""arc_chord"":1.04,""gate"":""pass"",""escape"":false},{""n_ik"":2,""ik_dropped"":0,""ik_rank"":1,""ik_tried"":1,""ik_score"":0.5593,""path_score"":0.2806,""ee_arc"":0.2512,""chord"":0.2495,""arc_chord"":1.01,""gate"":""pass"",""escape"":false},{""n_ik"":2,""ik_dropped"":0,""ik_rank"":1,""ik_tried"":1,""ik_score"":0.0624,""path_score"":0.2163,""ee_arc"":0.0282,""chord"":0.0282,""arc_chord"":1.0,""gate"":""pass"",""escape"":false}]"
51,1,0,success,0,rrt,future_chunk_coll,18,66,0,"[{""n_ik"":3,""ik_dropped"":0,""ik_rank"":1,""ik_tried"":1,""ik_score"":2.31,""path_score"":0.1939,""ee_arc"":0.1171,""chord"":0.1169,""arc_chord"":1.0,""gate"":""pass"",""escape"":false}]"
53,1,1,success,0,rrt,"future_chunk_coll,future_chunk_coll","14,152","131,42","3,3","[{""n_ik"":1,""ik_dropped"":0,""ik_rank"":1,""ik_tried"":1,""ik_score"":4.7879,""path_score"":0.9139,""ee_arc"":0.8467,""chord"":0.5137,""arc_chord"":1.65,""gate"":""pass"",""escape"":false},{""n_ik"":1,""ik_dropped"":0,""ik_rank"":1,""ik_tried"":1,""ik_score"":0.86,""path_score"":0.2026,""ee_arc"":0.1713,""chord"":0.1709,""arc_chord"":1.0,""gate"":""pass"",""escape"":false}]"
55,1,0,success,0,rrt,future_chunk_coll,12,107,0,"[{""n_ik"":3,""ik_dropped"":0,""ik_rank"":2,""ik_tried"":2,""ik_score"":5.0462,""path_score"":0.7396,""ee_arc"":0.5509,""chord"":0.532,""arc_chord"":1.04,""gate"":""pass"",""escape"":false}]"
64,1,0,success,0,rrt,future_chunk_coll,23,65,0,"[{""n_ik"":2,""ik_dropped"":0,""ik_rank"":1,""ik_tried"":1,""ik_score"":0.6329,""path_score"":0.411,""ee_arc"":0.1278,""chord"":0.1273,""arc_chord"":1.0,""gate"":""pass"",""escape"":false}]"
67,1,0,success,0,rrt,future_chunk_coll,7,87,3,"[{""n_ik"":2,""ik_dropped"":0,""ik_rank"":1,""ik_tried"":1,""ik_score"":1.7772,""path_score"":0.8469,""ee_arc"":0.8117,""chord"":0.6997,""arc_chord"":1.16,""gate"":""pass"",""escape"":false}]"
68,1,0,success,0,rrt,"future_chunk_coll,drift_stall","15,27","0,68","0,0","[{""n_ik"":3,""ik_dropped"":0,""ik_rank"":1,""ik_tried"":1,""ik_score"":3.0296,""path_score"":0.4086,""ee_arc"":0.3666,""chord"":0.3137,""arc_chord"":1.17,""gate"":""pass"",""escape"":false},{""n_ik"":3,""ik_dropped"":0,""ik_rank"":1,""ik_tried"":1,""ik_score"":1.8747,""path_score"":0.198,""ee_arc"":0.1976,""chord"":0.1949,""arc_chord"":1.01,""gate"":""pass"",""escape"":false}]"
70,1,0,success,0,rrt,future_chunk_coll,6,154,1,"[{""n_ik"":3,""ik_dropped"":0,""ik_rank"":1,""ik_tried"":1,""ik_score"":3.3104,""path_score"":1.0352,""ee_arc"":0.927,""chord"":0.6037,""arc_chord"":1.54,""gate"":""pass"",""escape"":false}]"
71,1,1,success,0,rrt,"future_chunk_coll,future_chunk_coll","79,96","8,23","0,4","[{""n_ik"":1,""ik_dropped"":0,""ik_rank"":1,""ik_tried"":1,""ik_score"":0.5579,""path_score"":0.3787,""ee_arc"":0.3564,""chord"":0.3542,""arc_chord"":1.01,""gate"":""pass"",""escape"":false},{""n_ik"":1,""ik_dropped"":0,""ik_rank"":1,""ik_tried"":1,""ik_score"":0.0733,""path_score"":0.2919,""ee_arc"":0.039,""chord"":0.039,""arc_chord"":1.0,""gate"":""pass"",""escape"":false}]"
72,1,0,success,0,rrt,future_chunk_coll,13,60,0,"[{""n_ik"":3,""ik_dropped"":0,""ik_rank"":1,""ik_tried"":1,""ik_score"":1.8889,""path_score"":0.4167,""ee_arc"":0.3321,""chord"":0.328,""arc_chord"":1.01,""gate"":""pass"",""escape"":false}]"
77,1,1,success,0,rrt,"future_chunk_coll,future_chunk_coll","2,150","120,55","0,0","[{""n_ik"":3,""ik_dropped"":0,""ik_rank"":3,""ik_tried"":3,""ik_score"":6.0193,""path_score"":0.2762,""ee_arc"":0.2201,""chord"":0.2119,""arc_chord"":1.04,""gate"":""pass"",""escape"":false},{""n_ik"":1,""ik_dropped"":0,""ik_rank"":1,""ik_tried"":1,""ik_score"":1.8265,""path_score"":0.4676,""ee_arc"":0.3812,""chord"":0.3769,""arc_chord"":1.01,""gate"":""pass"",""escape"":false}]"
79,1,2,success,0,rrt,"future_chunk_coll,future_chunk_coll,future_chunk_coll","7,120,179","92,10,28","1,3,2","[{""n_ik"":3,""ik_dropped"":0,""ik_rank"":1,""ik_tried"":1,""ik_score"":4.7946,""path_score"":0.8307,""ee_arc"":0.8129,""chord"":0.4902,""arc_chord"":1.66,""gate"":""pass"",""escape"":false},{""n_ik"":2,""ik_dropped"":0,""ik_rank"":1,""ik_tried"":1,""ik_score"":0.4171,""path_score"":0.3639,""ee_arc"":0.2722,""chord"":0.2541,""arc_chord"":1.07,""gate"":""pass"",""escape"":false},{""n_ik"":3,""ik_dropped"":0,""ik_rank"":1,""ik_tried"":1,""ik_score"":0.54,""path_score"":0.1811,""ee_arc"":0.118,""chord"":0.1177,""arc_chord"":1.0,""gate"":""pass"",""escape"":false}]"
80,1,0,success,0,rrt,"future_chunk_coll,drift_stall","26,38","0,34","0,0","[{""n_ik"":1,""ik_dropped"":0,""ik_rank"":1,""ik_tried"":1,""ik_score"":3.1035,""path_score"":0.8857,""ee_arc"":0.8726,""chord"":0.845,""arc_chord"":1.03,""gate"":""pass"",""escape"":false},{""n_ik"":2,""ik_dropped"":0,""ik_rank"":1,""ik_tried"":1,""ik_score"":1.5899,""path_score"":0.6859,""ee_arc"":0.6856,""chord"":0.6783,""arc_chord"":1.01,""gate"":""pass"",""escape"":false}]"
81,1,0,success,0,rrt,future_chunk_coll,12,51,2,"[{""n_ik"":3,""ik_dropped"":0,""ik_rank"":1,""ik_tried"":1,""ik_score"":0.7779,""path_score"":0.2551,""ee_arc"":0.1507,""chord"":0.1504,""arc_chord"":1.0,""gate"":""pass"",""escape"":false}]"
83,1,1,success,0,rrt,"future_chunk_coll,future_chunk_coll","7,191","157,64","0,5","[{""n_ik"":1,""ik_dropped"":0,""ik_rank"":1,""ik_tried"":1,""ik_score"":5.0789,""path_score"":0.517,""ee_arc"":0.3514,""chord"":0.3162,""arc_chord"":1.11,""gate"":""pass"",""escape"":false},{""n_ik"":1,""ik_dropped"":0,""ik_rank"":1,""ik_tried"":1,""ik_score"":0.7417,""path_score"":0.4589,""ee_arc"":0.1611,""chord"":0.1604,""arc_chord"":1.0,""gate"":""pass"",""escape"":false}]"
84,1,1,success,0,rrt,"future_chunk_coll,future_chunk_coll","1,86","67,36","0,0","[{""n_ik"":2,""ik_dropped"":0,""ik_rank"":1,""ik_tried"":1,""ik_score"":3.1806,""path_score"":0.7236,""ee_arc"":0.7236,""chord"":0.5206,""arc_chord"":1.39,""gate"":""pass"",""escape"":false},{""n_ik"":2,""ik_dropped"":0,""ik_rank"":1,""ik_tried"":1,""ik_score"":1.3306,""path_score"":0.2426,""ee_arc"":0.1645,""chord"":0.1635,""arc_chord"":1.01,""gate"":""pass"",""escape"":false}]"
86,1,0,success,0,rrt,future_chunk_coll,13,47,0,"[{""n_ik"":2,""ik_dropped"":0,""ik_rank"":1,""ik_tried"":1,""ik_score"":2.2277,""path_score"":0.2912,""ee_arc"":0.2719,""chord"":0.2701,""arc_chord"":1.01,""gate"":""pass"",""escape"":false}]"
90,1,0,success,0,rrt,"future_chunk_coll,drift_stall","18,30","0,121","0,0","[{""n_ik"":2,""ik_dropped"":0,""ik_rank"":2,""ik_tried"":2,""ik_score"":6.3548,""path_score"":0.8299,""ee_arc"":0.7329,""chord"":0.2803,""arc_chord"":2.61,""gate"":""reject"",""escape"":false},{""n_ik"":2,""ik_dropped"":0,""ik_rank"":1,""ik_tried"":1,""ik_score"":4.503,""path_score"":0.7309,""ee_arc"":0.662,""chord"":0.6471,""arc_chord"":1.02,""gate"":""pass"",""escape"":false}]"
92,1,0,success,0,rrt,future_chunk_coll,21,70,0,"[{""n_ik"":2,""ik_dropped"":0,""ik_rank"":1,""ik_tried"":1,""ik_score"":0.7804,""path_score"":0.5139,""ee_arc"":0.2337,""chord"":0.2326,""arc_chord"":1.0,""gate"":""pass"",""escape"":false}]"
97,1,0,success,0,rrt,future_chunk_coll,45,14,0,"[{""n_ik"":1,""ik_dropped"":0,""ik_rank"":1,""ik_tried"":1,""ik_score"":0.5178,""path_score"":0.2951,""ee_arc"":0.231,""chord"":0.2306,""arc_chord"":1.0,""gate"":""pass"",""escape"":false}]"
98,1,0,success,0,rrt,future_chunk_coll,15,151,1,"[{""n_ik"":2,""ik_dropped"":0,""ik_rank"":1,""ik_tried"":1,""ik_score"":5.2387,""path_score"":0.854,""ee_arc"":0.6589,""chord"":0.4198,""arc_chord"":1.57,""gate"":""pass"",""escape"":false}]"
